implementation,depth,dataset,accuracy,f1,train_time,predict_time
sklearn,7,breast_cancer,0.9473684210526315,0.942866688940862,0.01269792765378952,0.000375308096408844
sklearn,28,magic,0.8201892744479495,0.800828854041161,0.5039426758885384,0.0009830594062805176
sklearn,38,susy20000,0.731,0.7309579621815909,0.9774890244007111,0.0016823559999465942
proposed,7,breast_cancer,0.920354,0.908944,4.65715,0.004092
proposed,32,magic,0.832019,0.815348,222.271,0.404742
proposed,39,susy20000,0.72,0.719975,443.948,0.499653
