implementation,depth,dataset,accuracy,f1,train_time,predict_time
sklearn,7,breast_cancer,0.9473684210526315,0.942866688940862,12.579202651977539,0.3832578659057617
sklearn,26,magic,0.8196635120925342,0.8001738561514937,500.27589686214924,0.9873602539300919
sklearn,38,susy20000,0.723,0.7228999668880466,982.6490115374327,1.6632955521345139
sklearn,41,susy100000,0.71485,0.7129737893104962,6418.42395439744,7.5400471687316895
proposed,7,breast_cancer,0.920354,0.908944,4.89709,0.004342
proposed,32,magic,0.832019,0.815348,221.29,0.423805
proposed,39,susy20000,0.72,0.719975,444.41,0.479192
proposed,45,susy100000,0.7125,0.710353,3248.58,3.69563
