implementation,dataset,depth,accuracy,f1,train_time,predict_time
sklearn,breast_cancer,7,0.9473684210526315,0.942866688940862,12.574244290590286,0.3694966435432434
sklearn,magic,26,0.8188748685594112,0.7997709818285105,491.9269271194935,1.000870019197464
sklearn,susy20000,36,0.7105,0.7074563761373328,973.7626016139984,1.6692299395799637
sklearn,susy100000,41,0.7156,0.713646277274739,6295.038867741823,6.81653618812561
proposed,breast_cancer,7,0.920354,0.908944,4.75303,0.003928
proposed,magic,32,0.832019,0.815348,223.875,0.431921
proposed,susy20000,33,0.714,0.71286,442.272,0.489527
proposed,susy100000,45,0.7125,0.710353,3178.59,3.7214
